{
  "source": "train split action quantiles",
  "quantiles": [
    0.01,
    0.99
  ],
  "used_action_channel_ids": [
    0,
    1,
    2,
    3,
    4,
    5,
    6,
    28
  ],
  "compact_axes": [
    "x",
    "y",
    "z",
    "qx",
    "qy",
    "qz",
    "qw",
    "gripper"
  ],
  "compact_q01": [
    -0.2058373987674713,
    -0.2850138247013092,
    0.3387027978897095,
    -0.6936535835266113,
    -0.6958394646644592,
    -0.3541935086250305,
    -0.4431106746196747,
    0.0
  ],
  "compact_q99": [
    0.4123210310935974,
    0.24664869904518127,
    0.9968236684799194,
    0.8038316965103149,
    0.7466744780540466,
    0.31685003638267517,
    0.5194083452224731,
    1.0
  ],
  "full_q01": [
    -0.2058373987674713,
    -0.2850138247013092,
    0.3387027978897095,
    -0.6936535835266113,
    -0.6958394646644592,
    -0.3541935086250305,
    -0.4431106746196747,
    0.0,
    0.0,
    0.0,
    0.0,
    0.0,
    0.0,
    0.0,
    0.0,
    0.0,
    0.0,
    0.0,
    0.0,
    0.0,
    0.0,
    0.0,
    0.0,
    0.0,
    0.0,
    0.0,
    0.0,
    0.0,
    0.0,
    0.0
  ],
  "full_q99": [
    0.4123210310935974,
    0.24664869904518127,
    0.9968236684799194,
    0.8038316965103149,
    0.7466744780540466,
    0.31685003638267517,
    0.5194083452224731,
    0.0,
    0.0,
    0.0,
    0.0,
    0.0,
    0.0,
    0.0,
    0.0,
    0.0,
    0.0,
    0.0,
    0.0,
    0.0,
    0.0,
    0.0,
    0.0,
    0.0,
    0.0,
    0.0,
    0.0,
    0.0,
    1.0,
    0.0
  ]
}